"id","modified","created","name_1","name_kana_1","sex","email_1","email_2","tel_no","zip","address_1","address_2","address_3","category","message","root","root_etc"
"1","2015-04-26 03:47:54","2015-04-26 03:47:54","ほげ","","1","arata@basercms.net","arata@basercms.net","","","","","","","","",""
"2","2015-04-26 03:49:11","2015-04-26 03:49:11","ほげ","","1","arata@basercms.net","arata@basercms.net","","","","","","","","",""
"3","2015-04-26 03:50:20","2015-04-26 03:50:20","hoge","","1","arata@basercms.net","arata@basercms.net","","","","","","","","",""
"4","2015-04-26 03:52:11","2015-04-26 03:52:11","hoge","","2","arata@basercms.net","arata@basercms.net","","","","","","","","",""
"5","2015-04-26 03:53:06","2015-04-26 03:53:06","hoge","","2","arata@basercms.net","arata@basercms.net","","","","","","","","",""
"6","2015-04-26 21:09:28","2015-04-26 21:09:28","ほげ","","1","fuchigami@e-catchup.jp","fuchigami@e-catchup.jp","","","","","","","","",""
"7","2015-06-24 14:42:04","2015-06-24 14:42:04","テスト","","1","fuchigami@e-catchup.jp","fuchigami@e-catchup.jp","","","","","","","","",""
"8","2015-06-24 14:47:52","2015-06-24 14:47:52","テスト","","1","fuchigami@e-catchup.jp","fuchigami@e-catchup.jp","","","","","","","","",""
"9","2015-08-05 12:53:03","2015-08-05 12:53:03","テスト","","1","fuchigami@e-catchup.jp","fuchigami@e-catchup.jp","","","","","","1","","",""
"10","2015-09-27 22:06:22","2015-09-27 22:06:22","test","","1","arata@basercms.net","arata@basercms.net","","","","","","1","arata@basercms.netarata@basercms.net
arata@basercms.net","1",""
