"id","sort","name","title","description","contents","page_category_id","status","url","draft","author_id","publish_begin","publish_end","exclude_search","code","unlinked_mobile","unlinked_smartphone","modified","created","approve_status","approver_id"
"1","1","index","","","<div class=""section""><!--   Icon Section   -->
<div class=""row"">
<div class=""col s12 m4"">
<div class=""icon-block"">
<h2 class=""center brown-text""><i class=""material-icons"">flash_on</i></h2>

<h5 class=""center"">制作をスピードアップ</h5>

<p class=""light"">Materialize CSS＋baserCMS は、制作者のフロント開発をお手伝いします。デフォルト組み込まれている様々なコンポーネント、css スタイルが提供されています。また、JavaScriptを利用したスライダー、ポップアップやタブ表示を簡単に実装することができます。</p>
</div>
</div>

<div class=""col s12 m4"">
<div class=""icon-block"">
<h2 class=""center brown-text""><i class=""material-icons"">group</i></h2>

<h5 class=""center"">ユーザーエクスペリエンスを重視</h5>

<p class=""light"">様々なコンポーネントやアニメーションは、要素として組み込みやすい仕組みでできており、カスタマイズも簡単にできるようになっています。また、レスポンシブ設計により、デバイスを問わず、ユーザーに対して統一された情報を提供できます。</p>
</div>
</div>

<div class=""col s12 m4"">
<div class=""icon-block"">
<h2 class=""center brown-text""><i class=""material-icons"">settings</i></h2>

<h5 class=""center"">簡単な動作設計</h5>

<p class=""light"">Materialize CSS は、新しいユーザーに対しても、詳細な文書＋コード例が提供されてます。 <a href=""http://materializecss.com/"">公式サイト</a>を見ることで、利用する際により役立つ仕組みを見つけることができるでしょう。</p>
<a class=""waves-effect waves-light btn-large"" href=""http://materializecss.com/""><i class=""material-icons right"">cloud</i>公式サイトはこちら</a></div>
</div>
</div>
</div>","","1","/index","<div class=""clearfix"" id=""news"">
<div class=""news"" style=""margin-right:28px;"">
<h2 id=""newsHead01"">NEWS RELEASE</h2>

<div class=""body""><?php $this->BcBaser->blogPosts('news', 5) ?></div>
</div>

<div class=""news"">
<h2 id=""newsHead02"">baserCMS NEWS</h2>

<div class=""body""><?php $this->BcBaser->js('/feed/ajax/1') ?></div>
</div>
</div>","1","","","","","","","2015-09-28 01:08:58","2015-04-26 03:12:23","create",""
"2","2","about","会社案内","baserCMS inc.の会社案内ページほげほげ","<div class=""section"">
<h3>会社データ</h3>

<table class=""responsive-table striped bordered"">
	<tbody>
		<tr>
			<th width=""150"">会社名</th>
			<td>baserCMS inc. [デモ]</td>
		</tr>
		<tr>
			<th>設立</th>
			<td>2009年11月</td>
		</tr>
		<tr>
			<th>所在地</th>
			<td>福岡県福岡市博多区博多駅前（ダミー）</td>
		</tr>
		<tr>
			<th>事業内容</th>
			<td>インターネットサービス業（ダミー）<br />
			WEBサイト制作事業（ダミー）<br />
			WEBシステム開発事業（ダミー）</td>
		</tr>
	</tbody>
</table>
</div>

<div class=""section"">
<h3>アクセスマップ</h3>
<?php $this->BcBaser->googleMaps(array(""width"" => '100%')) ?></div>","","1","/about","","1","","","","","","","2015-09-27 23:28:10","2015-04-26 03:12:23","create",""
"3","3","service","サービス","baserCMS inc.のサービス紹介ページ。","<h2 class=""contents-head"">ほげほげサービス</h2>

<div class=""section"">
<p>
サービスの案内文がはいります。サービスの案内文がはいります。サービスの案内文がはいります。
サービスの案内文がはいります。サービスの案内文がはいります。サービスの案内文がはいります。
サービスの案内文がはいります。サービスの案内文がはいります。サービスの案内文がはいります。
サービスの案内文がはいります。サービスの案内文がはいります。サービスの案内文がはいります。
</p>
</div>

<div class=""section"">
<p>
サービスの案内文がはいります。サービスの案内文がはいります。サービスの案内文がはいります。
サービスの案内文がはいります。サービスの案内文がはいります。サービスの案内文がはいります。
サービスの案内文がはいります。サービスの案内文がはいります。サービスの案内文がはいります。
サービスの案内文がはいります。サービスの案内文がはいります。サービスの案内文がはいります。
</p>
</div>

<div class=""section"">
<p>
サービスの案内文がはいります。サービスの案内文がはいります。サービスの案内文がはいります。
サービスの案内文がはいります。サービスの案内文がはいります。サービスの案内文がはいります。
サービスの案内文がはいります。サービスの案内文がはいります。サービスの案内文がはいります。
サービスの案内文がはいります。サービスの案内文がはいります。サービスの案内文がはいります。
</p>
</div>","","1","/service","","1","","","","","","","2015-06-09 10:15:58","2015-04-26 03:12:23","create",""
"4","4","components","部品例","","<h3 class=""header"">Badges</h3>

<div class=""section"">
<h4 class=""header"">Collections</h4>

<div class=""collection""><a class=""collection-item"" href=""#!"">Alan<span class=""badge"">1</span></a> <a class=""collection-item"" href=""#!"">Alan<span class=""new badge"">4</span></a> <a class=""collection-item"" href=""#!"">Alan</a> <a class=""collection-item"" href=""#!"">Alan<span class=""badge"">14</span></a></div>

<ul class=""collection with-header"">
	<li class=""collection-header"">
	<h4>First Names</h4>
	</li>
	<li class=""collection-item"">Alvin</li>
	<li class=""collection-item"">Alvin</li>
	<li class=""collection-item"">Alvin</li>
	<li class=""collection-item"">Alvin</li>
</ul>

<ul class=""collection with-header"">
	<li class=""collection-header"">
	<h4>First Names</h4>
	</li>
	<li class=""collection-item"">
	<div>Alvin<a class=""secondary-content"" href=""#!""><i class=""material-icons"">send</i></a></div>
	</li>
	<li class=""collection-item"">
	<div>Alvin<a class=""secondary-content"" href=""#!""><i class=""material-icons"">send</i></a></div>
	</li>
	<li class=""collection-item"">
	<div>Alvin<a class=""secondary-content"" href=""#!""><i class=""material-icons"">send</i></a></div>
	</li>
	<li class=""collection-item"">
	<div>Alvin<a class=""secondary-content"" href=""#!""><i class=""material-icons"">send</i></a></div>
	</li>
</ul>

<ul class=""collection"">
    <li class=""collection-item avatar"">
      <i class=""material-icons circle"">folder</i>
      <span class=""title"">Title</span>
      <p>First Line <br>
         Second Line
      </p>
      <a href=""#!"" class=""secondary-content""><i class=""material-icons"">grade</i></a>
    </li>
    <li class=""collection-item avatar"">
      <i class=""material-icons circle green"">insert_chart</i>
      <span class=""title"">Title</span>
      <p>First Line <br>
         Second Line
      </p>
      <a href=""#!"" class=""secondary-content""><i class=""material-icons"">grade</i></a>
    </li>
    <li class=""collection-item avatar"">
      <i class=""material-icons circle red"">play_arrow</i>
      <span class=""title"">Title</span>
      <p>First Line <br>
         Second Line
      </p>
      <a href=""#!"" class=""secondary-content""><i class=""material-icons"">grade</i></a>
    </li>
  </ul>
</div>

<div class=""section"">
<h4 class=""header"">Badges in Dropdown</h4>

<ul class=""dropdown-content"" id=""dropdown2"">
	<li><a href=""#!"">one<span class=""badge"">1</span></a></li>
	<li><a href=""#!"">two<span class=""new badge"">1</span></a></li>
	<li><a href=""#!"">three</a></li>
</ul>

<p><a class=""btn dropdown-button"" data-activates=""dropdown2"" href=""#!"">Dropdown</a></p>
</div>

<div class=""section"">
<h4 class=""header"">Badges in Navbar</h4>

<nav>
<div class=""nav-wrapper""><a class=""brand-logo"" href="""">Logo</a>

<ul class=""right hide-on-med-and-down"" id=""nav-mobile"">
	<li><a href="""">sass</a></li>
	<li><a href="""">sass <span class=""new badge"">4</span></a></li>
	<li><a href="""">sass</a></li>
</ul>
</div>
</nav>
</div>

<h3 class=""header"">Buttons</h3>

<h4 class=""header"">Raised</h4>

<div class=""section""><a class=""waves-effect waves-light btn"">Stuff</a> <a class=""waves-effect waves-light btn""><i class=""material-icons left"">cloud</i>button</a> <a class=""waves-effect waves-light btn""><i class=""material-icons right"">cloud</i>button</a></div>

<h4 class=""header"">Floating</h4>

<div class=""section""><a class=""btn-floating btn-large waves-effect waves-light red""><i class=""material-icons"">add</i></a></div>

<h4 class=""header"">Flat</h4>

<div class=""section""><a class=""waves-effect waves-teal btn-flat"">Button</a></div>

<h4 class=""header"">Submit Button</h4>

<div class=""section""><button class=""btn waves-effect waves-light"" name=""action"" type=""submit"">Submit <i class=""material-icons right"">send</i></button></div>

<h4 class=""header"">Large</h4>

<div class=""section""><a class=""waves-effect waves-light btn-large"">Button</a> <a class=""waves-effect waves-light btn-large""><i class=""material-icons left"">cloud</i>button</a> <a class=""waves-effect waves-light btn-large""><i class=""material-icons right"">cloud</i>button</a></div>

<h4 class=""header"">Disabled</h4>

<div class=""section""><a class=""btn-large disabled"">Button</a> <a class=""btn disabled"">Button</a> <a class=""btn-flat disabled"">Button</a> <a class=""btn-floating disabled""><i class=""material-icons"">add</i></a></div>","","1","/components","","1","","","","","","","2015-09-27 00:39:25","2015-04-26 03:12:23","create",""
"5","5","sitemap","サイトマップ","baserCMS inc.のサイトマップページ","<h2 class=""contents-head"">サイトマップ</h2>
<?php $this->BcBaser->sitemap() ?>
<ul class=""section"">
	<li><?php $this->BcBaser->link(""新着情報"",""/news/index"") ?></li>
	<li><?php $this->BcBaser->link(""お問い合わせ"",""/contact/index"") ?>	</li>
</ul>","","1","/sitemap","","1","","","","","","","","2015-04-26 03:12:23","create",""
"6","6","index","","","<hr size=""1"" style=""width:100%;height:1px;margin:2px 0;padding:0;color:#CCCCCC;background:#CCCCCC;border:1px solid #CCCCCC;"" />
<div style=""text-align:center;background-color:#8ABE08;""> <span style=""color:white;"">メインメニュー</span> </div>
<hr size=""1"" style=""width:100%;height:1px;margin:2px 0;padding:0;color:#CCCCCC;background:#CCCCCC;border:1px solid #CCCCCC;"" />
<span style=""color:#8ABE08"">■</span>
<?php $this->BcBaser->link(""ニュースリリース"",array(""controller""=>""news"",""action""=>""index"")) ?>
<br />
<span style=""color:#8ABE08"">■</span>
<?php $this->BcBaser->link(""お問い合わせ"",array(""controller""=>""contact"",""action""=>""index"")) ?>
<hr size=""1"" style=""width:100%;height:1px;margin:2px 0;padding:0;color:#CCCCCC;background:#CCCCCC;border:1px solid #CCCCCC;"" />
<div style=""text-align:center;background-color:#8ABE08;""> <span style=""color:white;"">NEWS RELEASE</span> </div>
<hr size=""1"" style=""width:100%;height:1px;margin:2px 0;padding:0;color:#CCCCCC;background:#CCCCCC;border:1px solid #CCCCCC;"" />
<?php $this->BcBaser->blogPosts('news', 5) ?> <div>&nbsp;</div>
<hr size=""1"" style=""width:100%;height:1px;margin:2px 0;padding:0;color:#CCCCCC;background:#CCCCCC;border:1px solid #CCCCCC;"" />
<div style=""text-align:center;background-color:#8ABE08;""> <span style=""color:white;"">baserCMS NEWS</span> </div>
<hr size=""1"" style=""width:100%;height:1px;margin:2px 0;padding:0;color:#CCCCCC;background:#CCCCCC;border:1px solid #CCCCCC;"" />
<?php $this->BcBaser->feed(1) ?>","1","1","/mobile/index","","1","","","","","","","","2015-04-26 03:12:23","create",""
"7","7","index","","","<div id=""news"" class=""clearfix"">
<div class=""news"" style=""margin-right:28px;"">
<h2 id=""newsHead01"">NEWS RELEASE</h2>
<div class=""body"">
<?php $this->BcBaser->blogPosts('news', 5) ?>
</div>
</div>
<div class=""news"">
<h2 id=""newsHead02"">baserCMS NEWS</h2>
<div class=""body"">
<?php $this->BcBaser->js('/s/feed/ajax/1') ?>
</div>
</div>
</div>","2","1","/smartphone/index","","1","","","","","","","","2015-04-26 03:12:23","create",""
"8","8","about","会社案内","baserCMS inc.の会社案内ページ","<h2 class=""contents-head"">会社案内</h2>
<h3 class=""contents-head"">会社データ</h3>
<div class=""section"">
<table class=""row-table-01"" cellspacing=""0"" cellpadding=""0"">
<tr><th width=""150"">会社名</th><td>baserCMS inc.  [デモ]</td></tr>
<tr><th>設立</th><td>2009年11月</td></tr>
<tr><th>所在地</th><td>福岡県福岡市博多区博多駅前（ダミー）</td></tr>
<tr><th>事業内容</th><td>インターネットサービス業（ダミー）<br />
WEBサイト制作事業（ダミー）<br />
WEBシステム開発事業（ダミー）</td></tr>
</table>
</div>
<h3 class=""contents-head"">アクセスマップ</h3>
<div class=""section"">
<?php $this->BcBaser->element(""googlemaps"", array(""width"" => 585)) ?>
</div>","2","1","/smartphone/about","","1","","","","","","","","2015-04-26 03:12:23","create",""
"9","9","service","サービス","baserCMS inc.のサービス紹介ページ。","<h2 class=""contents-head"">サービス</h2>
<div class=""section"">
<p>
サービスの案内文がはいります。サービスの案内文がはいります。サービスの案内文がはいります。
サービスの案内文がはいります。サービスの案内文がはいります。サービスの案内文がはいります。
サービスの案内文がはいります。サービスの案内文がはいります。サービスの案内文がはいります。
サービスの案内文がはいります。サービスの案内文がはいります。サービスの案内文がはいります。
</p>
</div>
<div class=""section"">
<p>
サービスの案内文がはいります。サービスの案内文がはいります。サービスの案内文がはいります。
サービスの案内文がはいります。サービスの案内文がはいります。サービスの案内文がはいります。
サービスの案内文がはいります。サービスの案内文がはいります。サービスの案内文がはいります。
サービスの案内文がはいります。サービスの案内文がはいります。サービスの案内文がはいります。
</p>
</div>
<div class=""section"">
<p>
サービスの案内文がはいります。サービスの案内文がはいります。サービスの案内文がはいります。
サービスの案内文がはいります。サービスの案内文がはいります。サービスの案内文がはいります。
サービスの案内文がはいります。サービスの案内文がはいります。サービスの案内文がはいります。
サービスの案内文がはいります。サービスの案内文がはいります。サービスの案内文がはいります。
</p>
</div>","2","1","/smartphone/service","","1","","","","","","","","2015-04-26 03:12:23","create",""
"10","10","sitemap","サイトマップ","baserCMS inc.のサイトマップページ","<h2 class=""contents-head"">サイトマップ</h2>
<?php $this->BcBaser->sitemap() ?>
<ul class=""section sitemap"">
	<li><?php $this->BcBaser->link(""新着情報"",""/s/news/index"") ?></li>
	<li><?php $this->BcBaser->link(""お問い合わせ"",""/s/contact/index"") ?>	</li>
</ul>","2","1","/smartphone/sitemap","","1","","","","","","","","2015-04-26 03:12:23","create",""
"11","11","icons","アイコンの使い方","50種類のアイコンを自由にカスタマイズしよう。","<h2>
	アイコンの使い方</h2>
<h3>
	50種類のアイコンを自由にカスタマイズしよう。</h3>
<p>
	&nbsp;</p>
<p>
	&nbsp;</p>
<p>
	まずは、<a href=""http://basercms.net/files/extra/nada-works-png.zip"">nada-works-png.zip</a> をダウンロードして解凍します。</p>
<p>
	&nbsp;</p>
<p>
	&nbsp;</p>
<p>
	icons_ico_.pngをFireworksで開くと下記の50種類のアイコンがレイヤー分けされています。</p>
<p>
	&nbsp;</p>
<p style=""text-align: center;"">
	<?php $this->BcBaser->img('icons/about_001.png', array('style' => 'width: 656px; height: 250px;')) ?></p>
<p>
	&nbsp;</p>
<p>
	&nbsp;</p>
<p>
	&nbsp;</p>
<p>
	カスタマイズ1：ベースの形を変える。</p>
<p style=""text-align: center;"">
	<?php $this->BcBaser->img('icons/about_002.png', array('style' => 'width: 656px; height: 93px;')) ?></p>
<p>
	&nbsp;</p>
<p>
	&nbsp;</p>
<p>
	&nbsp;</p>
<p>
	カスタマイズ2：色を変える。</p>
<p style=""text-align: center;"">
	<?php $this->BcBaser->img('icons/about_003.png', array('style' => 'width: 656px; height: 93px;')) ?></p>
<p>
	&nbsp;</p>
<p>
	&nbsp;</p>
<p>
	&nbsp;</p>
<p>
	カスタマイズ3：パスを使って変形させる。（上級者向け）<br />
	パスで作成しています。自由に変形させることが可能です。</p>
<p>
	&nbsp;</p>
<p style=""text-align: center;"">
	<?php $this->BcBaser->img('icons/about_004.png', array('style' => 'width: 193px; height: 186px;')) ?></p>
<p>
	&nbsp;</p>
<p>
	&nbsp;</p>
<p>
	&nbsp;</p>
<p>
	パターン例：各コンテンツで色を変える。同じアイコンを使用する、など</p>
<p style=""text-align: center;"">
	<?php $this->BcBaser->img('icons/about_005.png', array('style' => 'width: 656px; height: 215px;')) ?></p>
<p>
	&nbsp;</p>
<p>
	&nbsp;</p>
<p>
	&nbsp;</p>
<p>
	&nbsp;</p>
<p>
	&nbsp;</p>
<h3>
	文字と写真を変えるだけで完成！かんたんバナーを作ろう。</h3>
<p>
	&nbsp;</p>
<p>
	&nbsp;</p>
<p>
	icons_banner_00.png、icons_banner_l_00.pngをFireworksで開くと各要素をレイヤー分けされています。<br />
	言葉、フォント、色、画像を変更してオリジナルのバナーを作成することができます。<br />
	画像は「シンボル」にて配置しています。差し替えたい画像をシンボル化し、「シンボルを入れ替え」にて差し替えてご使用ください。</p>
<p>
	&nbsp;</p>
<p style=""text-align: center;"">
	<?php $this->BcBaser->img('icons/about_006.png', array('style' => 'width: 656px; height: 302px;')) ?></p>
<p>
	&nbsp;</p>
<p>
	例：言葉、フォントの変更、画像差し替え</p>
<p>
	&nbsp;</p>
<p style=""text-align: center;"">
	<?php $this->BcBaser->img('icons/about_007.png', array('style' => 'width: 656px; height: 278px;')) ?></p>","2","1","/smartphone/icons","","1","","","","","","","","2015-04-26 03:12:23","create",""
"15","13","icons","アイコン表示","","<div class=""col s12 m9 l10"">
<h4>Sizes</h4>

<div class=""row"">
<div class=""center-align"">
<div class=""col s3""><i class=""material-icons tiny icon-demo"">insert_chart</i>

<p>Tiny</p>
</div>

<div class=""col s3""><i class=""material-icons small icon-demo"">insert_chart</i>

<p>Small</p>
</div>

<div class=""col s3""><i class=""material-icons medium icon-demo"">insert_chart</i>

<p>Medium</p>
</div>

<div class=""col s3""><i class=""material-icons large icon-demo"">insert_chart</i>

<p>Large</p>
</div>
</div>
</div>
<!-- Icon Listing -->

<div class=""row icon-container"">
<br><br>
<div class=""icon-preview col s6 m3""><i class=""material-icons dp48"">info_outline</i><span>info_outline</span></div>

<div class=""icon-preview col s6 m3""><i class=""material-icons dp48"">input</i><span>input</span></div>

<div class=""icon-preview col s6 m3""><i class=""material-icons dp48"">invert_colors</i><span>invert_colors</span></div>

<div class=""icon-preview col s6 m3""><i class=""material-icons dp48"">label</i><span>label</span></div>

<div class=""icon-preview col s6 m3""><i class=""material-icons dp48"">label_outline</i><span>label_outline</span></div>

<div class=""icon-preview col s6 m3""><i class=""material-icons dp48"">language</i><span>language</span></div>

<div class=""icon-preview col s6 m3""><i class=""material-icons dp48"">query_builder</i><span>query_builder</span></div>

<div class=""icon-preview col s6 m3""><i class=""material-icons dp48"">perm_identity</i><span>perm_identity</span></div>

<div class=""icon-preview col s6 m3""><i class=""material-icons dp48"">perm_media</i><span>perm_media</span></div>

<div class=""icon-preview col s6 m3""><i class=""material-icons dp48"">perm_phone_msg</i><span>perm_phone_msg</span></div>

<div class=""icon-preview col s6 m3""><i class=""material-icons dp48"">perm_scan_wifi</i><span>perm_scan_wifi</span></div>

<div class=""icon-preview col s6 m3""><i class=""material-icons dp48"">picture_in_picture</i><span>picture_in_picture</span></div>

<div class=""icon-preview col s6 m3""><i class=""material-icons dp48"">play_for_work</i><span>play_for_work</span></div>

<div class=""icon-preview col s6 m3""><i class=""material-icons dp48"">polymer</i><span>polymer</span></div>

<div class=""icon-preview col s6 m3""><i class=""material-icons dp48"">power_settings_new</i><span>power_settings_new</span></div>

<div class=""icon-preview col s6 m3""><i class=""material-icons dp48"">print</i><span>print</span></div>

<div class=""icon-preview col s6 m3""><i class=""material-icons dp48"">thumb_down</i><span>thumb_down</span></div>

<div class=""icon-preview col s6 m3""><i class=""material-icons dp48"">thumb_up</i><span>thumb_up</span></div>

<div class=""icon-preview col s6 m3""><i class=""material-icons dp48"">thumbs_up_down</i><span>thumbs_up_down</span></div>

<div class=""icon-preview col s6 m3""><i class=""material-icons dp48"">email</i><span>email</span></div>

<div class=""icon-preview col s6 m3""><i class=""material-icons dp48"">dialpad</i><span>dialpad</span></div>

<div class=""icon-preview col s6 m3""><i class=""material-icons dp48"">dialer_sip</i><span>dialer_sip</span></div>

<div class=""icon-preview col s6 m3""><i class=""material-icons dp48"">contacts</i><span>contacts</span></div>

<div class=""icon-preview col s6 m3""><i class=""material-icons dp48"">forward_5</i><span>forward_5</span></div>

<div class=""icon-preview col s6 m3""><i class=""material-icons dp48"">stay_current_portrait</i><span>stay_current_portrait</span></div>

<div class=""icon-preview col s6 m3""><i class=""material-icons dp48"">stay_primary_landscape</i><span>stay_primary_landscape</span></div>

<div class=""icon-preview col s6 m3""><i class=""material-icons dp48"">stay_primary_portrait</i><span>stay_primary_portrait</span></div>

<div class=""icon-preview col s6 m3""><i class=""material-icons dp48"">swap_calls</i><span>swap_calls</span></div>

<div class=""icon-preview col s6 m3""><i class=""material-icons dp48"">textsms</i><span>textsms</span></div>

<div class=""icon-preview col s6 m3""><i class=""material-icons dp48"">voicemail</i><span>voicemail</span></div>

<div class=""icon-preview col s6 m3""><i class=""material-icons dp48"">vpn_key</i><span>vpn_key</span></div>

<div class=""icon-preview col s6 m3""><i class=""material-icons dp48"">group_work</i><span>group_work</span></div>

<div class=""icon-preview col s6 m3""><i class=""material-icons dp48"">grade</i><span>grade</span></div>

<div class=""icon-preview col s6 m3""><i class=""material-icons dp48"">clear_all</i><span>clear_all</span></div>

<div class=""icon-preview col s6 m3""><i class=""material-icons dp48"">chat_bubble_outline</i><span>chat_bubble_outline</span></div>

<div class=""icon-preview col s6 m3""><i class=""material-icons dp48"">chat_bubble</i><span>chat_bubble</span></div>

<div class=""icon-preview col s6 m3""><i class=""material-icons dp48"">repeat</i><span>repeat</span></div>

<div class=""icon-preview col s6 m3""><i class=""material-icons dp48"">repeat_one</i><span>repeat_one</span></div>

<div class=""icon-preview col s6 m3""><i class=""material-icons dp48"">replay</i><span>replay</span></div>

<div class=""icon-preview col s6 m3""><i class=""material-icons dp48"">replay_10</i><span>replay_10</span></div>

<div class=""icon-preview col s6 m3""><i class=""material-icons dp48"">replay_30</i><span>replay_30</span></div>

<div class=""icon-preview col s6 m3""><i class=""material-icons dp48"">replay_5</i><span>replay_5</span></div>

<div class=""icon-preview col s6 m3""><i class=""material-icons dp48"">shuffle</i><span>shuffle</span></div>

<div class=""icon-preview col s6 m3""><i class=""material-icons dp48"">skip_next</i><span>skip_next</span></div>

<div class=""icon-preview col s6 m3""><i class=""material-icons dp48"">skip_previous</i><span>skip_previous</span></div>

<div class=""icon-preview col s6 m3""><i class=""material-icons dp48"">contact_phone</i><span>contact_phone</span></div>

<div class=""icon-preview col s6 m3""><i class=""material-icons dp48"">comment</i><span>comment</span></div>

<div class=""icon-preview col s6 m3""><i class=""material-icons dp48"">recent_actors</i><span>recent_actors</span></div>

<div class=""icon-preview col s6 m3""><i class=""material-icons dp48"">snooze</i><span>snooze</span></div>

<div class=""icon-preview col s6 m3""><i class=""material-icons dp48"">sort_by_alpha</i><span>sort_by_alpha</span></div>

<div class=""icon-preview col s6 m3""><i class=""material-icons dp48"">stop</i><span>stop</span></div>

<div class=""icon-preview col s6 m3""><i class=""material-icons dp48"">subtitles</i><span>subtitles</span></div>

<div class=""icon-preview col s6 m3""><i class=""material-icons dp48"">surround_sound</i><span>surround_sound</span></div>

<div class=""icon-preview col s6 m3""><i class=""material-icons dp48"">web</i><span>web</span></div>

<div class=""icon-preview col s6 m3""><i class=""material-icons dp48"">volume_up</i><span>volume_up</span></div>

<div class=""icon-preview col s6 m3""><i class=""material-icons dp48"">volume_off</i><span>volume_off</span></div>

<div class=""icon-preview col s6 m3""><i class=""material-icons dp48"">volume_mute</i><span>volume_mute</span></div>

<div class=""icon-preview col s6 m3""><i class=""material-icons dp48"">toc</i><span>toc</span></div>

<div class=""icon-preview col s6 m3""><i class=""material-icons dp48"">today</i><span>today</span></div>

<div class=""icon-preview col s6 m3""><i class=""material-icons dp48"">toll</i><span>toll</span></div>

<div class=""icon-preview col s6 m3""><i class=""material-icons dp48"">track_changes</i><span>track_changes</span></div>

<div class=""icon-preview col s6 m3""><i class=""material-icons dp48"">translate</i><span>translate</span></div>

<div class=""icon-preview col s6 m3""><i class=""material-icons dp48"">trending_down</i><span>trending_down</span></div>

<div class=""icon-preview col s6 m3""><i class=""material-icons dp48"">question_answer</i><span>question_answer</span></div>

<div class=""icon-preview col s6 m3""><i class=""material-icons dp48"">receipt</i><span>receipt</span></div>

<div class=""icon-preview col s6 m3""><i class=""material-icons dp48"">done</i><span>done</span></div>

<div class=""icon-preview col s6 m3""><i class=""material-icons dp48"">tab</i><span>tab</span></div>

<div class=""icon-preview col s6 m3""><i class=""material-icons dp48"">tab_unselected</i><span>tab_unselected</span></div>

<div class=""icon-preview col s6 m3""><i class=""material-icons dp48"">theaters</i><span>theaters</span></div>

<div class=""icon-preview col s6 m3""><i class=""material-icons dp48"">hd</i><span>hd</span></div>

<div class=""icon-preview col s6 m3""><i class=""material-icons dp48"">games</i><span>games</span></div>

<div class=""icon-preview col s6 m3""><i class=""material-icons dp48"">hearing</i><span>hearing</span></div>

<div class=""icon-preview col s6 m3""><i class=""material-icons dp48"">view_module</i><span>view_module</span></div>

<div class=""icon-preview col s6 m3""><i class=""material-icons dp48"">view_list</i><span>view_list</span></div>

<div class=""icon-preview col s6 m3""><i class=""material-icons dp48"">settings_remote</i><span>settings_remote</span></div>

<div class=""icon-preview col s6 m3""><i class=""material-icons dp48"">settings_voice</i><span>settings_voice</span></div>

<div class=""icon-preview col s6 m3""><i class=""material-icons dp48"">search</i><span>search</span></div>

<div class=""icon-preview col s6 m3""><i class=""material-icons dp48"">settings</i><span>settings</span></div>

<div class=""icon-preview col s6 m3""><i class=""material-icons dp48"">settings_applications</i><span>settings_applications</span></div>

<div class=""icon-preview col s6 m3""><i class=""material-icons dp48"">settings_backup_restore</i><span>settings_backup_restore</span></div>

<div class=""icon-preview col s6 m3""><i class=""material-icons dp48"">settings_bluetooth</i><span>settings_bluetooth</span></div>

<div class=""icon-preview col s6 m3""><i class=""material-icons dp48"">settings_brightness</i><span>settings_brightness</span></div>

<div class=""icon-preview col s6 m3""><i class=""material-icons dp48"">settings_cell</i><span>settings_cell</span></div>

<div class=""icon-preview col s6 m3""><i class=""material-icons dp48"">settings_ethernet</i><span>settings_ethernet</span></div>

<div class=""icon-preview col s6 m3""><i class=""material-icons dp48"">settings_input_antenna</i><span>settings_input_antenna</span></div>

<div class=""icon-preview col s6 m3""><i class=""material-icons dp48"">trending_flat</i><span>trending_flat</span></div>

<div class=""icon-preview col s6 m3""><i class=""material-icons dp48"">trending_up</i><span>trending_up</span></div>

<div class=""icon-preview col s6 m3""><i class=""material-icons dp48"">work</i><span>work</span></div>

<div class=""icon-preview col s6 m3""><i class=""material-icons dp48"">youtube_searched_for</i><span>youtube_searched_for</span></div>

<div class=""icon-preview col s6 m3""><i class=""material-icons dp48"">zoom_in</i><span>zoom_in</span></div>

<div class=""icon-preview col s6 m3""><i class=""material-icons dp48"">my_location</i><span>my_location</span></div>

<div class=""icon-preview col s6 m3""><i class=""material-icons dp48"">visibility_off</i><span>visibility_off</span></div>

<div class=""icon-preview col s6 m3""><i class=""material-icons dp48"">visibility</i><span>visibility</span></div>

<div class=""icon-preview col s6 m3""><i class=""material-icons dp48"">view_week</i><span>view_week</span></div>

<div class=""icon-preview col s6 m3""><i class=""material-icons dp48"">view_stream</i><span>view_stream</span></div>

<div class=""icon-preview col s6 m3""><i class=""material-icons dp48"">view_quilt</i><span>view_quilt</span></div>

<div class=""icon-preview col s6 m3""><i class=""material-icons dp48"">video_library</i><span>video_library</span></div>

<div class=""icon-preview col s6 m3""><i class=""material-icons dp48"">videocam</i><span>videocam</span></div>

<div class=""icon-preview col s6 m3""><i class=""material-icons dp48"">videocam_off</i><span>videocam_off</span></div>

<div class=""icon-preview col s6 m3""><i class=""material-icons dp48"">volume_down</i><span>volume_down</span></div>

<div class=""icon-preview col s6 m3""><i class=""material-icons dp48"">settings_overscan</i><span>settings_overscan</span></div>

<div class=""icon-preview col s6 m3""><i class=""material-icons dp48"">settings_input_svideo</i><span>settings_input_svideo</span></div>

<div class=""icon-preview col s6 m3""><i class=""material-icons dp48"">settings_input_hdmi</i><span>settings_input_hdmi</span></div>

<div class=""icon-preview col s6 m3""><i class=""material-icons dp48"">settings_input_composite</i><span>settings_input_composite</span></div>

<div class=""icon-preview col s6 m3""><i class=""material-icons dp48"">settings_input_component</i><span>settings_input_component</span></div>

<div class=""icon-preview col s6 m3""><i class=""material-icons dp48"">launch</i><span>launch</span></div>

<div class=""icon-preview col s6 m3""><i class=""material-icons dp48"">perm_device_information</i><span>perm_device_information</span></div>

<div class=""icon-preview col s6 m3""><i class=""material-icons dp48"">perm_data_setting</i><span>perm_data_setting</span></div>

<div class=""icon-preview col s6 m3""><i class=""material-icons dp48"">zoom_out</i><span>zoom_out</span></div>

<div class=""icon-preview col s6 m3""><i class=""material-icons dp48"">alarm_on</i><span>alarm_on</span></div>

<div class=""icon-preview col s6 m3""><i class=""material-icons dp48"">dns</i><span>dns</span></div>

<div class=""icon-preview col s6 m3""><i class=""material-icons dp48"">redeem</i><span>redeem</span></div>

<div class=""icon-preview col s6 m3""><i class=""material-icons dp48"">reorder</i><span>reorder</span></div>

<div class=""icon-preview col s6 m3""><i class=""material-icons dp48"">report_problem</i><span>report_problem</span></div>

<div class=""icon-preview col s6 m3""><i class=""material-icons dp48"">restore</i><span>restore</span></div>

<div class=""icon-preview col s6 m3""><i class=""material-icons dp48"">room</i><span>room</span></div>

<div class=""icon-preview col s6 m3""><i class=""material-icons dp48"">schedule</i><span>schedule</span></div>

<div class=""icon-preview col s6 m3""><i class=""material-icons dp48"">movie</i><span>movie</span></div>

<div class=""icon-preview col s6 m3""><i class=""material-icons dp48"">android</i><span>android</span></div>

<div class=""icon-preview col s6 m3""><i class=""material-icons dp48"">announcement</i><span>announcement</span></div>

<div class=""icon-preview col s6 m3""><i class=""material-icons dp48"">mic_off</i><span>mic_off</span></div>

<div class=""icon-preview col s6 m3""><i class=""material-icons dp48"">mic_none</i><span>mic_none</span></div>

<div class=""icon-preview col s6 m3""><i class=""material-icons dp48"">swap_horiz</i><span>swap_horiz</span></div>

<div class=""icon-preview col s6 m3""><i class=""material-icons dp48"">swap_vert</i><span>swap_vert</span></div>

<div class=""icon-preview col s6 m3""><i class=""material-icons dp48"">swap_vertical_circle</i><span>swap_vertical_circle</span></div>

<div class=""icon-preview col s6 m3""><i class=""material-icons dp48"">system_update_alt</i><span>system_update_alt</span></div>

<div class=""icon-preview col s6 m3""><i class=""material-icons dp48"">subtitles</i><span>subtitles</span></div>

<div class=""icon-preview col s6 m3""><i class=""material-icons dp48"">present_to_all</i><span>present_to_all</span></div>

<div class=""icon-preview col s6 m3""><i class=""material-icons dp48"">portable_wifi_off</i><span>portable_wifi_off</span></div>

<div class=""icon-preview col s6 m3""><i class=""material-icons dp48"">phonelink_setup</i><span>phonelink_setup</span></div>

<div class=""icon-preview col s6 m3""><i class=""material-icons dp48"">phonelink_ring</i><span>phonelink_ring</span></div>

<div class=""icon-preview col s6 m3""><i class=""material-icons dp48"">phonelink_lock</i><span>phonelink_lock</span></div>

<div class=""icon-preview col s6 m3""><i class=""material-icons dp48"">phonelink_erase</i><span>phonelink_erase</span></div>

<div class=""icon-preview col s6 m3""><i class=""material-icons dp48"">person_pin</i><span>person_pin</span></div>

<div class=""icon-preview col s6 m3""><i class=""material-icons dp48"">navigation</i><span>navigation</span></div>

<div class=""icon-preview col s6 m3""><i class=""material-icons dp48"">new_releases</i><span>new_releases</span></div>

<div class=""icon-preview col s6 m3""><i class=""material-icons dp48"">not_interested</i><span>not_interested</span></div>

<div class=""icon-preview col s6 m3""><i class=""material-icons dp48"">pause</i><span>pause</span></div>

<div class=""icon-preview col s6 m3""><i class=""material-icons dp48"">pause_circle_filled</i><span>pause_circle_filled</span></div>

<div class=""icon-preview col s6 m3""><i class=""material-icons dp48"">pause_circle_outline</i><span>pause_circle_outline</span></div>

<div class=""icon-preview col s6 m3""><i class=""material-icons dp48"">play_arrow</i><span>play_arrow</span></div>

<div class=""icon-preview col s6 m3""><i class=""material-icons dp48"">play_circle_filled</i><span>play_circle_filled</span></div>

<div class=""icon-preview col s6 m3""><i class=""material-icons dp48"">play_circle_outline</i><span>play_circle_outline</span></div>

<div class=""icon-preview col s6 m3""><i class=""material-icons dp48"">playlist_add</i><span>playlist_add</span></div>

<div class=""icon-preview col s6 m3""><i class=""material-icons dp48"">queue</i><span>queue</span></div>

<div class=""icon-preview col s6 m3""><i class=""material-icons dp48"">queue_music</i><span>queue_music</span></div>

<div class=""icon-preview col s6 m3""><i class=""material-icons dp48"">radio</i><span>radio</span></div>

<div class=""icon-preview col s6 m3""><i class=""material-icons dp48"">class</i><span>class</span></div>

<div class=""icon-preview col s6 m3""><i class=""material-icons dp48"">code</i><span>code</span></div>

<div class=""icon-preview col s6 m3""><i class=""material-icons dp48"">credit_card</i><span>credit_card</span></div>

<div class=""icon-preview col s6 m3""><i class=""material-icons dp48"">dashboard</i><span>dashboard</span></div>

<div class=""icon-preview col s6 m3""><i class=""material-icons dp48"">delete</i><span>delete</span></div>

<div class=""icon-preview col s6 m3""><i class=""material-icons dp48"">description</i><span>description</span></div>

<div class=""icon-preview col s6 m3""><i class=""material-icons dp48"">open_with</i><span>open_with</span></div>

<div class=""icon-preview col s6 m3""><i class=""material-icons dp48"">pageview</i><span>pageview</span></div>

<div class=""icon-preview col s6 m3""><i class=""material-icons dp48"">payment</i><span>payment</span></div>

<div class=""icon-preview col s6 m3""><i class=""material-icons dp48"">perm_camera_mic</i><span>perm_camera_mic</span></div>

<div class=""icon-preview col s6 m3""><i class=""material-icons dp48"">perm_contact_calendar</i><span>perm_contact_calendar</span></div>

<div class=""icon-preview col s6 m3""><i class=""material-icons dp48"">airplay</i><span>airplay</span></div>

<div class=""icon-preview col s6 m3""><i class=""material-icons dp48"">done_all</i><span>done_all</span></div>

<div class=""icon-preview col s6 m3""><i class=""material-icons dp48"">phone</i><span>phone</span></div>

<div class=""icon-preview col s6 m3""><i class=""material-icons dp48"">no_sim</i><span>no_sim</span></div>

<div class=""icon-preview col s6 m3""><i class=""material-icons dp48"">invert_colors_off</i><span>invert_colors_off</span></div>

<div class=""icon-preview col s6 m3""><i class=""material-icons dp48"">chat</i><span>chat</span></div>

<div class=""icon-preview col s6 m3""><i class=""material-icons dp48"">call_split</i><span>call_split</span></div>

<div class=""icon-preview col s6 m3""><i class=""material-icons dp48"">call_received</i><span>call_received</span></div>

<div class=""icon-preview col s6 m3""><i class=""material-icons dp48"">call_missed</i><span>call_missed</span></div>

<div class=""icon-preview col s6 m3""><i class=""material-icons dp48"">call_merge</i><span>call_merge</span></div>

<div class=""icon-preview col s6 m3""><i class=""material-icons dp48"">call_made</i><span>call_made</span></div>

<div class=""icon-preview col s6 m3""><i class=""material-icons dp48"">call_end</i><span>call_end</span></div>

<div class=""icon-preview col s6 m3""><i class=""material-icons dp48"">call</i><span>call</span></div>

<div class=""icon-preview col s6 m3""><i class=""material-icons dp48"">business</i><span>business</span></div>

<div class=""icon-preview col s6 m3""><i class=""material-icons dp48"">stop</i><span>stop</span></div>

<div class=""icon-preview col s6 m3""><i class=""material-icons dp48"">sort_by_alpha</i><span>sort_by_alpha</span></div>

<div class=""icon-preview col s6 m3""><i class=""material-icons dp48"">snooze</i><span>snooze</span></div>

<div class=""icon-preview col s6 m3""><i class=""material-icons dp48"">comment</i><span>comment</span></div>

<div class=""icon-preview col s6 m3""><i class=""material-icons dp48"">clear_all</i><span>clear_all</span></div>

<div class=""icon-preview col s6 m3""><i class=""material-icons dp48"">chat_bubble_outline</i><span>chat_bubble_outline</span></div>

<div class=""icon-preview col s6 m3""><i class=""material-icons dp48"">chat_bubble</i><span>chat_bubble</span></div>

<div class=""icon-preview col s6 m3""><i class=""material-icons dp48"">alarm_off</i><span>alarm_off</span></div>

<div class=""icon-preview col s6 m3""><i class=""material-icons dp48"">message</i><span>message</span></div>

<div class=""icon-preview col s6 m3""><i class=""material-icons dp48"">location_on</i><span>location_on</span></div>

<div class=""icon-preview col s6 m3""><i class=""material-icons dp48"">location_off</i><span>location_off</span></div>

<div class=""icon-preview col s6 m3""><i class=""material-icons dp48"">live_help</i><span>live_help</span></div>

<div class=""icon-preview col s6 m3""><i class=""material-icons dp48"">album</i><span>album</span></div>

<div class=""icon-preview col s6 m3""><i class=""material-icons dp48"">av_timer</i><span>av_timer</span></div>

<div class=""icon-preview col s6 m3""><i class=""material-icons dp48"">closed_caption</i><span>closed_caption</span></div>

<div class=""icon-preview col s6 m3""><i class=""material-icons dp48"">equalizer</i><span>equalizer</span></div>

<div class=""icon-preview col s6 m3""><i class=""material-icons dp48"">turned_in_not</i><span>turned_in_not</span></div>

<div class=""icon-preview col s6 m3""><i class=""material-icons dp48"">verified_user</i><span>verified_user</span></div>

<div class=""icon-preview col s6 m3""><i class=""material-icons dp48"">view_agenda</i><span>view_agenda</span></div>

<div class=""icon-preview col s6 m3""><i class=""material-icons dp48"">view_array</i><span>view_array</span></div>

<div class=""icon-preview col s6 m3""><i class=""material-icons dp48"">view_carousel</i><span>view_carousel</span></div>

<div class=""icon-preview col s6 m3""><i class=""material-icons dp48"">view_column</i><span>view_column</span></div>

<div class=""icon-preview col s6 m3""><i class=""material-icons dp48"">subject</i><span>subject</span></div>

<div class=""icon-preview col s6 m3""><i class=""material-icons dp48"">supervisor_account</i><span>supervisor_account</span></div>

<div class=""icon-preview col s6 m3""><i class=""material-icons dp48"">settings_power</i><span>settings_power</span></div>

<div class=""icon-preview col s6 m3""><i class=""material-icons dp48"">shop</i><span>shop</span></div>

<div class=""icon-preview col s6 m3""><i class=""material-icons dp48"">shop_two</i><span>shop_two</span></div>

<div class=""icon-preview col s6 m3""><i class=""material-icons dp48"">shopping_basket</i><span>shopping_basket</span></div>

<div class=""icon-preview col s6 m3""><i class=""material-icons dp48"">shopping_cart</i><span>shopping_cart</span></div>

<div class=""icon-preview col s6 m3""><i class=""material-icons dp48"">speaker_notes</i><span>speaker_notes</span></div>

<div class=""icon-preview col s6 m3""><i class=""material-icons dp48"">spellcheck</i><span>spellcheck</span></div>

<div class=""icon-preview col s6 m3""><i class=""material-icons dp48"">star_rate</i><span>star_rate</span></div>

<div class=""icon-preview col s6 m3""><i class=""material-icons dp48"">stars</i><span>stars</span></div>

<div class=""icon-preview col s6 m3""><i class=""material-icons dp48"">store</i><span>store</span></div>

<div class=""icon-preview col s6 m3""><i class=""material-icons dp48"">ring_volume</i><span>ring_volume</span></div>

<div class=""icon-preview col s6 m3""><i class=""material-icons dp48"">speaker_phone</i><span>speaker_phone</span></div>

<div class=""icon-preview col s6 m3""><i class=""material-icons dp48"">stay_current_landscape</i><span>stay_current_landscape</span></div>

<div class=""icon-preview col s6 m3""><i class=""material-icons dp48"">forum</i><span>forum</span></div>

<div class=""icon-preview col s6 m3""><i class=""material-icons dp48"">import_export</i><span>import_export</span></div>

<div class=""icon-preview col s6 m3""><i class=""material-icons dp48"">open_in_browser</i><span>open_in_browser</span></div>

<div class=""icon-preview col s6 m3""><i class=""material-icons dp48"">open_in_new</i><span>open_in_new</span></div>

<div class=""icon-preview col s6 m3""><i class=""material-icons dp48"">forward_30</i><span>forward_30</span></div>

<div class=""icon-preview col s6 m3""><i class=""material-icons dp48"">turned_in</i><span>turned_in</span></div>

<div class=""icon-preview col s6 m3""><i class=""material-icons dp48"">view_headline</i><span>view_headline</span></div>

<div class=""icon-preview col s6 m3""><i class=""material-icons dp48"">view_day</i><span>view_day</span></div>

<div class=""icon-preview col s6 m3""><i class=""material-icons dp48"">warning</i><span>warning</span></div>

<div class=""icon-preview col s6 m3""><i class=""material-icons dp48"">error_outline</i><span>error_outline</span></div>

<div class=""icon-preview col s6 m3""><i class=""material-icons dp48"">error</i><span>error</span></div>

<div class=""icon-preview col s6 m3""><i class=""material-icons dp48"">add_alert</i><span>add_alert</span></div>

<div class=""icon-preview col s6 m3""><i class=""material-icons dp48"">settings_phone</i><span>settings_phone</span></div>

<div class=""icon-preview col s6 m3""><i class=""material-icons dp48"">forward_10</i><span>forward_10</span></div>

<div class=""icon-preview col s6 m3""><i class=""material-icons dp48"">fast_rewind</i><span>fast_rewind</span></div>

<div class=""icon-preview col s6 m3""><i class=""material-icons dp48"">fast_forward</i><span>fast_forward</span></div>

<div class=""icon-preview col s6 m3""><i class=""material-icons dp48"">explicit</i><span>explicit</span></div>

<div class=""icon-preview col s6 m3""><i class=""material-icons dp48"">list</i><span>list</span></div>

<div class=""icon-preview col s6 m3""><i class=""material-icons dp48"">lock</i><span>lock</span></div>

<div class=""icon-preview col s6 m3""><i class=""material-icons dp48"">lock_open</i><span>lock_open</span></div>

<div class=""icon-preview col s6 m3""><i class=""material-icons dp48"">lock_outline</i><span>lock_outline</span></div>

<div class=""icon-preview col s6 m3""><i class=""material-icons dp48"">loyalty</i><span>loyalty</span></div>

<div class=""icon-preview col s6 m3""><i class=""material-icons dp48"">markunread_mailbox</i><span>markunread_mailbox</span></div>

<div class=""icon-preview col s6 m3""><i class=""material-icons dp48"">note_add</i><span>note_add</span></div>

<div class=""icon-preview col s6 m3""><i class=""material-icons dp48"">offline_pin</i><span>offline_pin</span></div>

<div class=""icon-preview col s6 m3""><i class=""material-icons dp48"">http</i><span>http</span></div>

<div class=""icon-preview col s6 m3""><i class=""material-icons dp48"">mic</i><span>mic</span></div>

<div class=""icon-preview col s6 m3""><i class=""material-icons dp48"">loop</i><span>loop</span></div>

<div class=""icon-preview col s6 m3""><i class=""material-icons dp48"">library_music</i><span>library_music</span></div>

<div class=""icon-preview col s6 m3""><i class=""material-icons dp48"">library_books</i><span>library_books</span></div>

<div class=""icon-preview col s6 m3""><i class=""material-icons dp48"">library_add</i><span>library_add</span></div>

<div class=""icon-preview col s6 m3""><i class=""material-icons dp48"">high_quality</i><span>high_quality</span></div>

<div class=""icon-preview col s6 m3""><i class=""material-icons dp48"">surround_sound</i><span>surround_sound</span></div>

<div class=""icon-preview col s6 m3""><i class=""material-icons dp48"">info</i><span>info</span></div>

<div class=""icon-preview col s6 m3""><i class=""material-icons dp48"">https</i><span>https</span></div>

<div class=""icon-preview col s6 m3""><i class=""material-icons dp48"">aspect_ratio</i><span>aspect_ratio</span></div>

<div class=""icon-preview col s6 m3""><i class=""material-icons dp48"">assessment</i><span>assessment</span></div>

<div class=""icon-preview col s6 m3""><i class=""material-icons dp48"">assignment</i><span>assignment</span></div>

<div class=""icon-preview col s6 m3""><i class=""material-icons dp48"">assignment_ind</i><span>assignment_ind</span></div>

<div class=""icon-preview col s6 m3""><i class=""material-icons dp48"">assignment_late</i><span>assignment_late</span></div>
</div>
</div>","","1","/icons","","1","","","","","","","2015-09-27 00:52:42","2015-05-26 15:10:19","create",""
"16","14","index","サイトマップ","","<?php $this->BcBaser->sitemap() ?>","3","1","/sitemap/index","","1","","","","","","","2015-09-27 22:16:25","2015-05-26 15:10:49","create",""
